insert into T_ROLE(ROL_ID_C, ROL_NAME_C, ROL_CREATEDATE_D) values('demo', 'Demo', NOW());
insert into T_USER(USE_ID_C, USE_IDLOCALE_C, USE_IDROLE_C, USE_USERNAME_C, USE_PASSWORD_C, USE_EMAIL_C, USE_THEME_C, USE_DISPLAYTITLEWEB_B, USE_DISPLAYTITLEMOBILE_B, USE_DISPLAYUNREADWEB_B, USE_DISPLAYUNREADMOBILE_B, USE_FIRSTCONNECTION_B, USE_CREATEDATE_D) values('demo', 'en_US', 'demo', 'demo', '$2a$05$B9vEAGXzRHa/7313W8zwE.GvgMfmABskkeNb5CEpHiWtp0dsC8pLa', 'contact@sismics.com', 'highcontrast', false, true, true, true, false, NOW());
update T_USER set USE_DELETEDATE_D = NOW() where USE_ID_C = 'admin';
insert into T_FEED(FED_ID_C, FED_RSSURL_C, FED_URL_C, FED_TITLE_C, FED_DESCRIPTION_C, FED_CREATEDATE_D) values('mashable', 'http://feeds.mashable.com/Mashable', 'http://mashable.com/stories/?utm_medium=feed&utm_source=rss', 'Mashable', 'Mashable is a leading source for news, information & resources for the Connected Generation. Mashable reports on the importance of digital innovation and how it empowers and inspires people around the world. Mashable''s 25 million monthly unique visitors and 10 million social media followers have become one of the most engaged online news communities. Founded in 2005, Mashable is headquartered in New York City with an office in San Francisco.', NOW());
insert into T_FEED(FED_ID_C, FED_RSSURL_C, FED_URL_C, FED_TITLE_C, FED_DESCRIPTION_C, FED_CREATEDATE_D) values('boing-boing', 'http://feeds.boingboing.net/boingboing/iBag', 'http://boingboing.net', 'Boing Boing', 'Brain candy for Happy Mutants', NOW());
insert into T_FEED(FED_ID_C, FED_RSSURL_C, FED_URL_C, FED_TITLE_C, FED_DESCRIPTION_C, FED_CREATEDATE_D) values('slashdot', 'http://rss.slashdot.org/Slashdot/slashdot', 'http://slashdot.org/', 'Slashdot', 'News for nerds, stuff that matters', NOW());
insert into T_FEED(FED_ID_C, FED_RSSURL_C, FED_URL_C, FED_TITLE_C, FED_DESCRIPTION_C, FED_CREATEDATE_D) values('techcrunch', 'http://feeds.feedburner.com/TechCrunch', 'http://techcrunch.com', 'TechCrunch', 'TechCrunch is a group-edited blog that profiles the companies, products and events defining and transforming the new web.', NOW());
insert into T_FEED(FED_ID_C, FED_RSSURL_C, FED_URL_C, FED_TITLE_C, FED_DESCRIPTION_C, FED_CREATEDATE_D) values('engadget', 'http://www.engadget.com/rss.xml', 'http://www.engadget.com', 'Engadget', 'Engadget', NOW());
insert into T_FEED(FED_ID_C, FED_RSSURL_C, FED_URL_C, FED_TITLE_C, FED_DESCRIPTION_C, FED_CREATEDATE_D) values('google-blog', 'http://googleblog.blogspot.com/feeds/posts/default', 'http://googleblog.blogspot.com/', 'The Official Google Blog', 'Insights from Googlers into our products, technology, and the Google culture.', NOW());
insert into T_FEED(FED_ID_C, FED_RSSURL_C, FED_URL_C, FED_TITLE_C, FED_DESCRIPTION_C, FED_CREATEDATE_D) values('gizmodo', 'http://gizmodo.com/rss', 'http://gizmodo.com', 'Gizmodo', 'Gizmodo is the go-to authority for gadget news and digital culture.', NOW());
insert into T_FEED(FED_ID_C, FED_RSSURL_C, FED_URL_C, FED_TITLE_C, FED_DESCRIPTION_C, FED_CREATEDATE_D) values('xkcd', 'http://xkcd.com/rss.xml', 'http://xkcd.com/', 'xkcd.com', 'xkcd.com: A webcomic of romance and math humor.', NOW());
insert into T_FEED(FED_ID_C, FED_RSSURL_C, FED_URL_C, FED_TITLE_C, FED_DESCRIPTION_C, FED_CREATEDATE_D) values('dilbert', 'http://feed.dilbert.com/dilbert/daily_strip', 'http://dilbert.com/', 'Dilbert Daily Strip', 'The Official Dilbert Daily Comic Strip RSS Feed', NOW());
insert into T_FEED(FED_ID_C, FED_RSSURL_C, FED_URL_C, FED_TITLE_C, FED_DESCRIPTION_C, FED_CREATEDATE_D) values('bbc-news', 'http://feeds.bbci.co.uk/news/rss.xml', 'http://www.bbc.co.uk/news/#sa-ns_mchannel=rss&amp;ns_source=PublicRSS20-sa', 'BBC News - Home', 'The latest stories from the Home section of the BBC News web site.', NOW());
insert into T_FEED(FED_ID_C, FED_RSSURL_C, FED_URL_C, FED_TITLE_C, FED_DESCRIPTION_C, FED_CREATEDATE_D) values('national-geographic', 'http://feeds.nationalgeographic.com/ng/News/News_Main', 'http://news.nationalgeographic.com/', 'National Geographic News', NULL, NOW());
insert into T_FEED(FED_ID_C, FED_RSSURL_C, FED_URL_C, FED_TITLE_C, FED_DESCRIPTION_C, FED_CREATEDATE_D) values('about-wildlife', 'http://0.tqn.com/6/g/animals/b/rss2.xml', 'http://animals.about.com/', 'About.com Animals / Wildlife', 'Get the latest headlines from the About.com Animals / Wildlife GuideSite.', NOW());
insert into T_FEED(FED_ID_C, FED_RSSURL_C, FED_URL_C, FED_TITLE_C, FED_DESCRIPTION_C, FED_CREATEDATE_D) values('about-cats', 'http://0.tqn.com/6/g/cats/b/rss2.xml', 'http://cats.about.com/', 'About.com Cats', 'Get the latest headlines from the About.com Cats GuideSite.', NOW());
insert into T_FEED(FED_ID_C, FED_RSSURL_C, FED_URL_C, FED_TITLE_C, FED_DESCRIPTION_C, FED_CREATEDATE_D) values('space', 'http://www.space.com/home/feed/site.xml', 'http://www.space.com/', 'SPACE.com', 'Something amazing every day.', NOW());
insert into T_FEED(FED_ID_C, FED_RSSURL_C, FED_URL_C, FED_TITLE_C, FED_DESCRIPTION_C, FED_CREATEDATE_D) values('apod', 'http://apod.nasa.gov/apod.rss', 'http://antwrp.gsfc.nasa.gov/', 'APOD', 'Astronomy Picture of the Day', NOW());
insert into T_FEED(FED_ID_C, FED_RSSURL_C, FED_URL_C, FED_TITLE_C, FED_DESCRIPTION_C, FED_CREATEDATE_D) values('librarian', 'http://www.librarian.net/feed/', 'http://www.librarian.net/', 'librarian.net', 'putting the rarin back in librarian since 1999', NOW());
insert into T_FEED(FED_ID_C, FED_RSSURL_C, FED_URL_C, FED_TITLE_C, FED_DESCRIPTION_C, FED_CREATEDATE_D) values('guardian-books', 'http://feeds.guardian.co.uk/theguardian/books/rss', 'http://www.guardian.co.uk/books', 'Books news, reviews and author interviews | guardian.co.uk', 'Latest news and features from guardian.co.uk, the world''s leading liberal voice', NOW());
insert into T_FEED(FED_ID_C, FED_RSSURL_C, FED_URL_C, FED_TITLE_C, FED_DESCRIPTION_C, FED_CREATEDATE_D) values('titli-nihaan', 'http://feeds.feedburner.com/titlisbusykitchen/MPaf', 'http://titlisbusykitchen.com', 'Titli''s Busy Kitchen', NULL, NOW());
insert into T_FEED(FED_ID_C, FED_RSSURL_C, FED_URL_C, FED_TITLE_C, FED_DESCRIPTION_C, FED_CREATEDATE_D) values('reddit-foodporn', 'http://www.reddit.com/r/FoodPorn/.rss', 'http://www.reddit.com/r/FoodPorn/', 'FoodPorn', 'Simple, attractive, and visual. Nothing suggestive or inappropriate, this is a safe for work subreddit.', NOW());
insert into T_FEED(FED_ID_C, FED_RSSURL_C, FED_URL_C, FED_TITLE_C, FED_DESCRIPTION_C, FED_CREATEDATE_D) values('dictionary-wotd', 'http://dictionary.reference.com/wordoftheday/wotd.rss', 'http://www.dictionary.com/wordoftheday/', 'Dictionary.com Word of the Day', 'A new word is presented every day with its definition and example sentences from actual published works.', NOW());
insert into T_FEED(FED_ID_C, FED_RSSURL_C, FED_URL_C, FED_TITLE_C, FED_DESCRIPTION_C, FED_CREATEDATE_D) values('design-sponge', 'http://www.designsponge.com/feed', 'http://www.designsponge.com', 'Design*Sponge', 'Your home for all things Design. Home Tours, DIY Project, City Guides, Shopping Guides, Before &amp; Afters and much more', NOW());
insert into T_CATEGORY(CAT_ID_C, CAT_IDUSER_C, CAT_IDPARENT_C, CAT_NAME_C, CAT_ORDER_N, CAT_FOLDED_B, CAT_CREATEDATE_D) values('demo-root', 'demo', null, null, 0, false, NOW());
insert into T_CATEGORY(CAT_ID_C, CAT_IDUSER_C, CAT_IDPARENT_C, CAT_NAME_C, CAT_ORDER_N, CAT_FOLDED_B, CAT_CREATEDATE_D) values('demo-blog', 'demo', 'demo-root', 'Blogs', 0, false, NOW());
insert into T_CATEGORY(CAT_ID_C, CAT_IDUSER_C, CAT_IDPARENT_C, CAT_NAME_C, CAT_ORDER_N, CAT_FOLDED_B, CAT_CREATEDATE_D) values('demo-technology', 'demo', 'demo-root', 'Technology', 1, false, NOW());
insert into T_CATEGORY(CAT_ID_C, CAT_IDUSER_C, CAT_IDPARENT_C, CAT_NAME_C, CAT_ORDER_N, CAT_FOLDED_B, CAT_CREATEDATE_D) values('demo-comics', 'demo', 'demo-root', 'Comics', 2, false, NOW());
insert into T_CATEGORY(CAT_ID_C, CAT_IDUSER_C, CAT_IDPARENT_C, CAT_NAME_C, CAT_ORDER_N, CAT_FOLDED_B, CAT_CREATEDATE_D) values('demo-news', 'demo', 'demo-root', 'News', 3, false, NOW());
insert into T_CATEGORY(CAT_ID_C, CAT_IDUSER_C, CAT_IDPARENT_C, CAT_NAME_C, CAT_ORDER_N, CAT_FOLDED_B, CAT_CREATEDATE_D) values('demo-nature', 'demo', 'demo-root', 'Nature / Wildlife', 4, false, NOW());
insert into T_CATEGORY(CAT_ID_C, CAT_IDUSER_C, CAT_IDPARENT_C, CAT_NAME_C, CAT_ORDER_N, CAT_FOLDED_B, CAT_CREATEDATE_D) values('demo-space', 'demo', 'demo-root', 'Space', 5, false, NOW());
insert into T_CATEGORY(CAT_ID_C, CAT_IDUSER_C, CAT_IDPARENT_C, CAT_NAME_C, CAT_ORDER_N, CAT_FOLDED_B, CAT_CREATEDATE_D) values('demo-movies', 'demo', 'demo-root', 'Movies', 6, false, NOW());
insert into T_CATEGORY(CAT_ID_C, CAT_IDUSER_C, CAT_IDPARENT_C, CAT_NAME_C, CAT_ORDER_N, CAT_FOLDED_B, CAT_CREATEDATE_D) values('demo-books', 'demo', 'demo-root', 'Books', 7, false, NOW());
insert into T_CATEGORY(CAT_ID_C, CAT_IDUSER_C, CAT_IDPARENT_C, CAT_NAME_C, CAT_ORDER_N, CAT_FOLDED_B, CAT_CREATEDATE_D) values('demo-food', 'demo', 'demo-root', 'Food', 7, false, NOW());
insert into T_FEED_SUBSCRIPTION(FES_ID_C, FES_IDUSER_C, FES_IDFEED_C, FES_IDCATEGORY_C, FES_ORDER_N, FES_CREATEDATE_D) values('demo-mashable', 'demo', 'mashable', 'demo-blog', 0, NOW());
insert into T_FEED_SUBSCRIPTION(FES_ID_C, FES_IDUSER_C, FES_IDFEED_C, FES_IDCATEGORY_C, FES_ORDER_N, FES_CREATEDATE_D) values('demo-boing-boing', 'demo', 'boing-boing', 'demo-blog', 0, NOW());
insert into T_FEED_SUBSCRIPTION(FES_ID_C, FES_IDUSER_C, FES_IDFEED_C, FES_IDCATEGORY_C, FES_ORDER_N, FES_CREATEDATE_D) values('demo-slashdot', 'demo', 'slashdot', 'demo-technology', 0, NOW());
insert into T_FEED_SUBSCRIPTION(FES_ID_C, FES_IDUSER_C, FES_IDFEED_C, FES_IDCATEGORY_C, FES_ORDER_N, FES_CREATEDATE_D) values('demo-techcrunch', 'demo', 'techcrunch', 'demo-technology', 0, NOW());
insert into T_FEED_SUBSCRIPTION(FES_ID_C, FES_IDUSER_C, FES_IDFEED_C, FES_IDCATEGORY_C, FES_ORDER_N, FES_CREATEDATE_D) values('demo-engadget', 'demo', 'engadget', 'demo-technology', 0, NOW());
insert into T_FEED_SUBSCRIPTION(FES_ID_C, FES_IDUSER_C, FES_IDFEED_C, FES_IDCATEGORY_C, FES_ORDER_N, FES_CREATEDATE_D) values('demo-google-blog', 'demo', 'google-blog', 'demo-technology', 0, NOW());
insert into T_FEED_SUBSCRIPTION(FES_ID_C, FES_IDUSER_C, FES_IDFEED_C, FES_IDCATEGORY_C, FES_ORDER_N, FES_CREATEDATE_D) values('demo-gizmodo', 'demo', 'gizmodo', 'demo-technology', 0, NOW());
insert into T_FEED_SUBSCRIPTION(FES_ID_C, FES_IDUSER_C, FES_IDFEED_C, FES_IDCATEGORY_C, FES_ORDER_N, FES_CREATEDATE_D) values('demo-xkcd', 'demo', 'xkcd', 'demo-comics', 0, NOW());
insert into T_FEED_SUBSCRIPTION(FES_ID_C, FES_IDUSER_C, FES_IDFEED_C, FES_IDCATEGORY_C, FES_ORDER_N, FES_CREATEDATE_D) values('demo-dilbert', 'demo', 'dilbert', 'demo-comics', 0, NOW());
insert into T_FEED_SUBSCRIPTION(FES_ID_C, FES_IDUSER_C, FES_IDFEED_C, FES_IDCATEGORY_C, FES_ORDER_N, FES_CREATEDATE_D) values('demo-bbc-news', 'demo', 'bbc-news', 'demo-news', 0, NOW());
insert into T_FEED_SUBSCRIPTION(FES_ID_C, FES_IDUSER_C, FES_IDFEED_C, FES_IDCATEGORY_C, FES_ORDER_N, FES_CREATEDATE_D) values('demo-national-geographic', 'demo', 'national-geographic', 'demo-nature', 0, NOW());
insert into T_FEED_SUBSCRIPTION(FES_ID_C, FES_IDUSER_C, FES_IDFEED_C, FES_IDCATEGORY_C, FES_ORDER_N, FES_CREATEDATE_D) values('demo-about-wildlife', 'demo', 'about-wildlife', 'demo-nature', 0, NOW());
insert into T_FEED_SUBSCRIPTION(FES_ID_C, FES_IDUSER_C, FES_IDFEED_C, FES_IDCATEGORY_C, FES_ORDER_N, FES_CREATEDATE_D) values('demo-about-cats', 'demo', 'about-cats', 'demo-nature', 0, NOW());
insert into T_FEED_SUBSCRIPTION(FES_ID_C, FES_IDUSER_C, FES_IDFEED_C, FES_IDCATEGORY_C, FES_ORDER_N, FES_CREATEDATE_D) values('demo-space', 'demo', 'space', 'demo-space', 0, NOW());
insert into T_FEED_SUBSCRIPTION(FES_ID_C, FES_IDUSER_C, FES_IDFEED_C, FES_IDCATEGORY_C, FES_ORDER_N, FES_CREATEDATE_D) values('demo-apod', 'demo', 'apod', 'demo-space', 0, NOW());
insert into T_FEED_SUBSCRIPTION(FES_ID_C, FES_IDUSER_C, FES_IDFEED_C, FES_IDCATEGORY_C, FES_ORDER_N, FES_CREATEDATE_D) values('demo-librarian', 'demo', 'librarian', 'demo-books', 0, NOW());
insert into T_FEED_SUBSCRIPTION(FES_ID_C, FES_IDUSER_C, FES_IDFEED_C, FES_IDCATEGORY_C, FES_ORDER_N, FES_CREATEDATE_D) values('demo-guardian-books', 'demo', 'guardian-books', 'demo-books', 0, NOW());
insert into T_FEED_SUBSCRIPTION(FES_ID_C, FES_IDUSER_C, FES_IDFEED_C, FES_IDCATEGORY_C, FES_ORDER_N, FES_CREATEDATE_D) values('demo-titli-nihaan', 'demo', 'titli-nihaan', 'demo-food', 0, NOW());
insert into T_FEED_SUBSCRIPTION(FES_ID_C, FES_IDUSER_C, FES_IDFEED_C, FES_IDCATEGORY_C, FES_ORDER_N, FES_CREATEDATE_D) values('demo-reddit-foodporn', 'demo', 'reddit-foodporn', 'demo-food', 0, NOW());
insert into T_FEED_SUBSCRIPTION(FES_ID_C, FES_IDUSER_C, FES_IDFEED_C, FES_IDCATEGORY_C, FES_ORDER_N, FES_CREATEDATE_D) values('demo-dictionary-wotd', 'demo', 'dictionary-wotd', 'demo-root', 0, NOW());
insert into T_FEED_SUBSCRIPTION(FES_ID_C, FES_IDUSER_C, FES_IDFEED_C, FES_IDCATEGORY_C, FES_ORDER_N, FES_CREATEDATE_D) values('demo-design-sponge', 'demo', 'design-sponge', 'demo-root', 0, NOW());
